firstName,lastName,linkedinUrl,company
"Matan","Goldner","https://www.linkedin.com/in/matan-goldner?miniProfileUrn=urn%3Ali%3Afs_miniProfile%3AACoAADWlWZ4BGoDypTR6gWI4zGIy05H2Ewh9UWU","Conntour (YC W25)"
"Ishan","Sheth","https://www.linkedin.com/in/isheth?miniProfileUrn=urn%3Ali%3Afs_miniProfile%3AACoAACud6zQBs_Q6pan90b-lsZFju8QxG0XZxhM",""
"Sriman","Gaddam","https://www.linkedin.com/in/sriman-gaddam?miniProfileUrn=urn%3Ali%3Afs_miniProfile%3AACoAADDRnuoBQynOHTxbCxey5yDWN662DRprLBI",""
"Robin","Gan","https://www.linkedin.com/in/robin-gan-180060126?miniProfileUrn=urn%3Ali%3Afs_miniProfile%3AACoAAB75xvABiOPy4iuu1mcVW3RIj0NLzMZOeNo","finbar (YC W25)"
"Nand","Vinchhi","https://www.linkedin.com/in/nandvinchhi?miniProfileUrn=urn%3Ali%3Afs_miniProfile%3AACoAADD6z80BZLZz5Ccd5UVoA90lxCRdj4EuUws","Axal (YC W25)"
"James","Zammit","https://www.linkedin.com/in/zammitjames?miniProfileUrn=urn%3Ali%3Afs_miniProfile%3AACoAABP5vdQBNTlFdrHgskHVfMDo1jYW5A-1Dro","Roark (YC W25)"
"Zach","Dive","https://www.linkedin.com/in/zacharydive?miniProfileUrn=urn%3Ali%3Afs_miniProfile%3AACoAABcxoj0BYUJAX7qvs2fplDp0N_WKH2KQYJc","Adam."
"Robertson","Taylor","https://www.linkedin.com/in/robertsonotaylor?miniProfileUrn=urn%3Ali%3Afs_miniProfile%3AACoAABdJB20BbR1tnQm-u6x5bt1DyjFpPLezacM","Calltree (YC W25)"
"Antonio","Monreal","https://www.linkedin.com/in/antonio-monreal-71b0751b5?miniProfileUrn=urn%3Ali%3Afs_miniProfile%3AACoAADIFbMcBnjM5DWQYbspekHzpwY9ow9k_pH8","Revise Robotics (YC W25)"
"Shahryar","Hasnani","https://www.linkedin.com/in/shahryar-hasnani?miniProfileUrn=urn%3Ali%3Afs_miniProfile%3AACoAACXtVTABVqbebukXZfJIWcFSaBc06YNf_Z8","Karsa (YC W25)"
"Vishruth","N","https://www.linkedin.com/in/vishruth-n?miniProfileUrn=urn%3Ali%3Afs_miniProfile%3AACoAADGa2XIBOrgBl8vs6IMARCpNbetgPVomfKo","IIT Bombay"
"Dev","Jain","https://www.linkedin.com/in/devrjain?miniProfileUrn=urn%3Ali%3Afs_miniProfile%3AACoAACj6fAgB-_GvDy9gxrt83FcGSu8dTOh440o","Demeter (YC W25)"
"Sachin","Sridhar","https://www.linkedin.com/in/sachin-sridhar?miniProfileUrn=urn%3Ali%3Afs_miniProfile%3AACoAAByTtTABlNoW61a2-642TkC8zJ7_56Zfh8s","Subtrace (YC W25)"
"Vivaan","Baid","https://www.linkedin.com/in/vivaan-baid-119415177?miniProfileUrn=urn%3Ali%3Afs_miniProfile%3AACoAACni02UBMvlaUcSSD-q-TVZSiO82q1uOLYk","Duke"
"Celia","Manzano","https://www.linkedin.com/in/celiamanz?miniProfileUrn=urn%3Ali%3Afs_miniProfile%3AACoAAC4MJDgB_1ToudtGoizKYptMxBU3xjV-oDw","Rebolt (YC W25)"
"Nick","Telecki","https://www.linkedin.com/in/nick-telecki?miniProfileUrn=urn%3Ali%3Afs_miniProfile%3AACoAAAy5PAABF69_H5l6ih5NodPv4NiXO4jT32U","Modern Fuel & EV Card"
"Manu","Vanderveeren","https://www.linkedin.com/in/manuvanderveeren?miniProfileUrn=urn%3Ali%3Afs_miniProfile%3AACoAABqa35sBrJqF-7HpoDXK1U-qZDB3-skWP-o","xMcKinsey"
"Andrew","Churchill","https://www.linkedin.com/in/andrew-d-churchill?miniProfileUrn=urn%3Ali%3Afs_miniProfile%3AACoAACXVeCwBtv0ZQXcGmdpZnLHpsjOcB0U5F4Y","Weave (YC W25)"
"Daniel","Gauci Mizzi","https://www.linkedin.com/in/gaucidaniel?miniProfileUrn=urn%3Ali%3Afs_miniProfile%3AACoAAA8ZgwQB8ZeHMxtyg43vohre1SNHoSKTmKE","Roark (YC W25)"
"Carlos","Georgescu","https://www.linkedin.com/in/carlossgg?miniProfileUrn=urn%3Ali%3Afs_miniProfile%3AACoAACIpIwgBJRlxEaTGCmWeIL9i1hdVjYXA8tQ","Citadel Securities"
"Frances","Liu","https://www.linkedin.com/in/frances-liu-1a426057?miniProfileUrn=urn%3Ali%3Afs_miniProfile%3AACoAAAv2LwwBNJNtD_44Dqcye_tQ3TIu_9IRK8c","Promptless (YC W25)"
"Kasey","Z.","https://www.linkedin.com/in/kasey-zhang?miniProfileUrn=urn%3Ali%3Afs_miniProfile%3AACoAACb7KQ4BsdrlvxsbEmWWeMSmL148AWMYGak","Osmosis (YC W25)"
"Juan","Pisco","https://www.linkedin.com/in/juan-pisco?miniProfileUrn=urn%3Ali%3Afs_miniProfile%3AACoAADNIrUYBXMBR8E34Oj48YQmMkI_Ze0g9O2o","Cifrato (YC W25)"
"Kaushik","Akula","https://www.linkedin.com/in/kaushik-akula?miniProfileUrn=urn%3Ali%3Afs_miniProfile%3AACoAADE6ZwIBw3qMXW8UKwVQOZm2LQ9_P11JieA","Sift Dev (YC W25), Datadog, EYP"
"Simon","Farshid","https://www.linkedin.com/in/simon-farshid?miniProfileUrn=urn%3Ali%3Afs_miniProfile%3AACoAACZIncUBA_mVv2gUh7WRo8_4tWrBp_wQMoY",""
"Sukhjit","Singh","https://www.linkedin.com/in/sukhjit-singh-ut?miniProfileUrn=urn%3Ali%3Afs_miniProfile%3AACoAAC0Z5GgBK1UTUYQM5c3CdZQjUiKtILFuM8w","ex-brex"
"Regina","Lin","https://www.linkedin.com/in/reginaclin?miniProfileUrn=urn%3Ali%3Afs_miniProfile%3AACoAADb_vSkB2qERUuap02ZPF4oQ5mS9pqSt4vc","ThirdLayer"
"Aamish","Ahmad Beg","https://www.linkedin.com/in/aamish-ahmad-beg?miniProfileUrn=urn%3Ali%3Afs_miniProfile%3AACoAACoRxmwBDt-ZDEs0xDlZqV2nBtSqiXf-JsQ","Lopus AI (YC W25)"
"Gunwoo","Kim","https://www.linkedin.com/in/gunwooterry?miniProfileUrn=urn%3Ali%3Afs_miniProfile%3AACoAABUe68MB99Q9hR3ULVHZRp96St-wi2MNhy0","Cuckoo (YC W25) — AI interpreter for global teams"
"Arman","Karégar 🇸🇪","https://www.linkedin.com/in/armankaregar?miniProfileUrn=urn%3Ali%3Afs_miniProfile%3AACoAACMEI7YBGyf_6UeFiCqhppS06dExVf4gPZk","Vetnio (YC W25)"
"Sejoon","Chang","https://www.linkedin.com/in/sejoonchang?miniProfileUrn=urn%3Ali%3Afs_miniProfile%3AACoAADd54iABCjokF6syJD4rD2GT7Pd0p4QIUJU","Nitrode"
"Patrick","Gadd","https://www.linkedin.com/in/patrick-gadd?miniProfileUrn=urn%3Ali%3Afs_miniProfile%3AACoAAAUqFtgBT8S-Ve2KXqU39zpz6Fit8XjatR8","MSc CompSci Oxford University"
"Qiaochu","Li","https://www.linkedin.com/in/qiaochu-li1999?miniProfileUrn=urn%3Ali%3Afs_miniProfile%3AACoAACMbSJEBfvTrq_uttsPbcOfDAhQUUg-OFUE","Demeter (YC W25)"
"Timmy","Seto","https://www.linkedin.com/in/timmy-seto?miniProfileUrn=urn%3Ali%3Afs_miniProfile%3AACoAACVHUywBl0mHd9Kd9jwBeHRODp6KSO8egu0","Forge Automation (YC W25)"
"Yash","Dulla","https://www.linkedin.com/in/yash-dulla?miniProfileUrn=urn%3Ali%3Afs_miniProfile%3AACoAADbSlCkBi8bbdB9ssARj6XM6iHGYIrvd_gE","Ergo (YC W25)"
"Nathan","Wang","https://www.linkedin.com/in/nathanwangyf?miniProfileUrn=urn%3Ali%3Afs_miniProfile%3AACoAADqyUQcBTvB2PfGlB3LFK5fOuZVEy2IUdog","Edexia (YC W25)"
"Rahul","Gudise","https://www.linkedin.com/in/rahulgudise?miniProfileUrn=urn%3Ali%3Afs_miniProfile%3AACoAACfHf-wBGQ4Gyr0_2Z7r7ozMKV5H9VEp89o","gale (YC W25)"
"Bhavesh","Tolia","https://www.linkedin.com/in/bhavesh-tolia-a17a37164?miniProfileUrn=urn%3Ali%3Afs_miniProfile%3AACoAACdO3_MBEnnBTo4dFwyCK-qD7tzmKUY-mdU","IIT Delhi"
"Walter","Raftus","https://www.linkedin.com/in/walterraftus?miniProfileUrn=urn%3Ali%3Afs_miniProfile%3AACoAACWEVRoBHBuutT1XjsXEW7HVPtwYmjbwekY","Forge Automation (YC W25)"
"Alan","Wells","https://www.linkedin.com/in/awells?miniProfileUrn=urn%3Ali%3Afs_miniProfile%3AACoAAACSEusBuMiQxXcwm12NEthPX7FFphoA9bg","Rocketable (YC W25)"
"Alexander","Chen","https://www.linkedin.com/in/alexanderqchen?miniProfileUrn=urn%3Ali%3Afs_miniProfile%3AACoAACCOKBQBqSNMvk4LM4j7Zeqz-e8O8X2ZMdQ","Trata (YC W25)"
"Haokun","Qin","https://www.linkedin.com/in/haokun-qin?miniProfileUrn=urn%3Ali%3Afs_miniProfile%3AACoAADWvggsBd5BdYDm2WQKes3d2obMBMfh6ha0",""
"Daniel","Grittner","https://www.linkedin.com/in/daniel-m-grittner?miniProfileUrn=urn%3Ali%3Afs_miniProfile%3AACoAAB_WC6cBvBoseVW7x3QZ8MpwzEoOYRDSGNA","Hey Telo (YC W25)"
"Kashyab","Ambarani","https://www.linkedin.com/in/kashyab-ambarani?miniProfileUrn=urn%3Ali%3Afs_miniProfile%3AACoAAC-O9YYBD635GyC93PGpB0dLBSdFTv5dyhs","Verbiflow (YC W25)"
"Jonathan","Jenkins","https://www.linkedin.com/in/jtjenkins18?miniProfileUrn=urn%3Ali%3Afs_miniProfile%3AACoAAD0akDUB3Q73uRZD68kODFfqaa6wXhcvtV4","Misprint (YC W25)"
"Magnus","Müller","https://www.linkedin.com/in/magnus-mueller?miniProfileUrn=urn%3Ali%3Afs_miniProfile%3AACoAADFzlpMB_g7rM9KdBck6AoUj2VrEbjsVDEc",""
"Rohan","Karthik","https://www.linkedin.com/in/rohan-karthik-60a0b61b7?miniProfileUrn=urn%3Ali%3Afs_miniProfile%3AACoAADJh1uoBq3SNvOLgA6HLj-BHVa2Q6gO5rO0","Inversion Semiconductor"
"Maddy","Yip","https://www.linkedin.com/in/mjyip?miniProfileUrn=urn%3Ali%3Afs_miniProfile%3AACoAAB2JRfsBVFHJmLeFIBHC_Y6RLKSM_IxGEfs","YouTube"
"Sankeerth","Rao Karingula, Ph.D.","https://www.linkedin.com/in/sankeerthrao?miniProfileUrn=urn%3Ali%3Afs_miniProfile%3AACoAAA92YugBl8Smm5rnU9TjpigVsijMq8hFP4A","Agentin AI (YC W25)"
"Christopher","Grittner","https://www.linkedin.com/in/christopher-grittner?miniProfileUrn=urn%3Ali%3Afs_miniProfile%3AACoAAB-MItcBziaEOqTb7ounEWtzmBaEy2QfWlw","Hey Telo (YC W25)"