firstName,lastName,linkedinUrl,company
"Celia","Manzano","https://www.linkedin.com/in/celiamanz?miniProfileUrn=urn%3Ali%3Afs_miniProfile%3AACoAAC4MJDgB_1ToudtGoizKYptMxBU3xjV-oDw","Rebolt (YC W25)"
"Aamish","Ahmad Beg","https://www.linkedin.com/in/aamish-ahmad-beg?miniProfileUrn=urn%3Ali%3Afs_miniProfile%3AACoAACoRxmwBDt-ZDEs0xDlZqV2nBtSqiXf-JsQ","Lopus AI (YC W25)"
"Zach","Dive","https://www.linkedin.com/in/zacharydive?miniProfileUrn=urn%3Ali%3Afs_miniProfile%3AACoAABcxoj0BYUJAX7qvs2fplDp0N_WKH2KQYJc","Adam."
"Cameron","Hake","https://www.linkedin.com/in/cameron-hake-651062194?miniProfileUrn=urn%3Ali%3Afs_miniProfile%3AACoAAC2R9x0B_VO72UNfa0VYwTn-NnpZ97MsdMs","Bystreet (YC W25)"
"Robertson","Taylor","https://www.linkedin.com/in/robertsonotaylor?miniProfileUrn=urn%3Ali%3Afs_miniProfile%3AACoAABdJB20BbR1tnQm-u6x5bt1DyjFpPLezacM","Calltree (YC W25)"
"Ishan","Sheth","https://www.linkedin.com/in/isheth?miniProfileUrn=urn%3Ali%3Afs_miniProfile%3AACoAACud6zQBs_Q6pan90b-lsZFju8QxG0XZxhM",""
"Nihad","Yolchuyev","https://www.linkedin.com/in/nihad-yolchuyev?miniProfileUrn=urn%3Ali%3Afs_miniProfile%3AACoAABEL3acBH4VEBeyCWtbrvAV5ItpGYjlnEaU","G LNK"
"James","Zammit","https://www.linkedin.com/in/zammitjames?miniProfileUrn=urn%3Ali%3Afs_miniProfile%3AACoAABP5vdQBNTlFdrHgskHVfMDo1jYW5A-1Dro","Roark (YC W25)"
"Nand","Vinchhi","https://www.linkedin.com/in/nandvinchhi?miniProfileUrn=urn%3Ali%3Afs_miniProfile%3AACoAADD6z80BZLZz5Ccd5UVoA90lxCRdj4EuUws","Axal (YC W25)"
"Vivaan","Baid","https://www.linkedin.com/in/vivaan-baid-119415177?miniProfileUrn=urn%3Ali%3Afs_miniProfile%3AACoAACni02UBMvlaUcSSD-q-TVZSiO82q1uOLYk","Duke"
"Sachin","Sridhar","https://www.linkedin.com/in/sachin-sridhar?miniProfileUrn=urn%3Ali%3Afs_miniProfile%3AACoAAByTtTABlNoW61a2-642TkC8zJ7_56Zfh8s","Subtrace (YC W25)"
"Sriman","Gaddam","https://www.linkedin.com/in/sriman-gaddam?miniProfileUrn=urn%3Ali%3Afs_miniProfile%3AACoAADDRnuoBQynOHTxbCxey5yDWN662DRprLBI",""
"Kashyab","Ambarani","https://www.linkedin.com/in/kashyab-ambarani?miniProfileUrn=urn%3Ali%3Afs_miniProfile%3AACoAAC-O9YYBD635GyC93PGpB0dLBSdFTv5dyhs","Verbiflow (YC W25)"
"Shahryar","Hasnani","https://www.linkedin.com/in/shahryar-hasnani?miniProfileUrn=urn%3Ali%3Afs_miniProfile%3AACoAACXtVTABVqbebukXZfJIWcFSaBc06YNf_Z8","Karsa (YC W25)"
"Frances","Liu","https://www.linkedin.com/in/frances-liu-1a426057?miniProfileUrn=urn%3Ali%3Afs_miniProfile%3AACoAAAv2LwwBNJNtD_44Dqcye_tQ3TIu_9IRK8c","Promptless (YC W25)"
"Dev","Jain","https://www.linkedin.com/in/devrjain?miniProfileUrn=urn%3Ali%3Afs_miniProfile%3AACoAACj6fAgB-_GvDy9gxrt83FcGSu8dTOh440o","Demeter (YC W25)"
"Gunwoo","Kim","https://www.linkedin.com/in/gunwooterry?miniProfileUrn=urn%3Ali%3Afs_miniProfile%3AACoAABUe68MB99Q9hR3ULVHZRp96St-wi2MNhy0","Cuckoo (YC W25) — AI interpreter for global teams"
"Carlos","Georgescu","https://www.linkedin.com/in/carlossgg?miniProfileUrn=urn%3Ali%3Afs_miniProfile%3AACoAACIpIwgBJRlxEaTGCmWeIL9i1hdVjYXA8tQ","Citadel Securities"
"Antonio","Monreal","https://www.linkedin.com/in/antonio-monreal-71b0751b5?miniProfileUrn=urn%3Ali%3Afs_miniProfile%3AACoAADIFbMcBnjM5DWQYbspekHzpwY9ow9k_pH8","Revise Robotics (YC W25)"
"Andrew","Churchill","https://www.linkedin.com/in/andrew-d-churchill?miniProfileUrn=urn%3Ali%3Afs_miniProfile%3AACoAACXVeCwBtv0ZQXcGmdpZnLHpsjOcB0U5F4Y","Weave (YC W25)"
"Arman","Karégar 🇸🇪","https://www.linkedin.com/in/armankaregar?miniProfileUrn=urn%3Ali%3Afs_miniProfile%3AACoAACMEI7YBGyf_6UeFiCqhppS06dExVf4gPZk","Vetnio (YC W25)"
"Simon","Farshid","https://www.linkedin.com/in/simon-farshid?miniProfileUrn=urn%3Ali%3Afs_miniProfile%3AACoAACZIncUBA_mVv2gUh7WRo8_4tWrBp_wQMoY",""
"Vishruth","N","https://www.linkedin.com/in/vishruth-n?miniProfileUrn=urn%3Ali%3Afs_miniProfile%3AACoAADGa2XIBOrgBl8vs6IMARCpNbetgPVomfKo","IIT Bombay"
"Kasey","Z.","https://www.linkedin.com/in/kasey-zhang?miniProfileUrn=urn%3Ali%3Afs_miniProfile%3AACoAACb7KQ4BsdrlvxsbEmWWeMSmL148AWMYGak","Osmosis (YC W25)"
"Avi","Peltz","https://www.linkedin.com/in/avipeltz?miniProfileUrn=urn%3Ali%3Afs_miniProfile%3AACoAAB2o71EBcrcWmA9Al0gwVkVMH39wCG7x6rc","Adam (YC W25)"
"Regina","Lin","https://www.linkedin.com/in/reginaclin?miniProfileUrn=urn%3Ali%3Afs_miniProfile%3AACoAADb_vSkB2qERUuap02ZPF4oQ5mS9pqSt4vc","ThirdLayer"
"Alex","F.","https://www.linkedin.com/in/alex-fuster?miniProfileUrn=urn%3Ali%3Afs_miniProfile%3AACoAABnjdScBq1sxjzguvFKxPeg2ARNI9mUPh_A","Astro Energy (YC W25)"
"Kaushik","Akula","https://www.linkedin.com/in/kaushik-akula?miniProfileUrn=urn%3Ali%3Afs_miniProfile%3AACoAADE6ZwIBw3qMXW8UKwVQOZm2LQ9_P11JieA","Sift Dev (YC W25), Datadog, EYP"
"Rahul","Gudise","https://www.linkedin.com/in/rahulgudise?miniProfileUrn=urn%3Ali%3Afs_miniProfile%3AACoAACfHf-wBGQ4Gyr0_2Z7r7ozMKV5H9VEp89o","gale (YC W25)"
"Sukhjit","Singh","https://www.linkedin.com/in/sukhjit-singh-ut?miniProfileUrn=urn%3Ali%3Afs_miniProfile%3AACoAAC0Z5GgBK1UTUYQM5c3CdZQjUiKtILFuM8w","ex-brex"
"Yash","Dulla","https://www.linkedin.com/in/yash-dulla?miniProfileUrn=urn%3Ali%3Afs_miniProfile%3AACoAADbSlCkBi8bbdB9ssARj6XM6iHGYIrvd_gE","Ergo (YC W25)"
"Adam","Cohen","https://www.linkedin.com/in/adam-b-cohen?miniProfileUrn=urn%3Ali%3Afs_miniProfile%3AACoAAAkKQmABty0uq6DK5inKsO8fiGIabSYm8_k","Weave (YC W25)"
"Alex","Pedersen","https://www.linkedin.com/in/alex-pedersen-30340915a?miniProfileUrn=urn%3Ali%3Afs_miniProfile%3AACoAACYlznMBixTWDQRwbp5gFxJMFD4Bk9IDtwA",""
"Jonathan","Jenkins","https://www.linkedin.com/in/jtjenkins18?miniProfileUrn=urn%3Ali%3Afs_miniProfile%3AACoAAD0akDUB3Q73uRZD68kODFfqaa6wXhcvtV4","Misprint (YC W25)"
"Alan","Wells","https://www.linkedin.com/in/awells?miniProfileUrn=urn%3Ali%3Afs_miniProfile%3AACoAAACSEusBuMiQxXcwm12NEthPX7FFphoA9bg","Rocketable (YC W25)"
"Marcell","V.","https://www.linkedin.com/in/veszpremimarcell?miniProfileUrn=urn%3Ali%3Afs_miniProfile%3AACoAACFzT_0BFuPOUHPBSoUdoSvhn6GjaWTuaLQ","Splash Inc."
"Haokun","Qin","https://www.linkedin.com/in/haokun-qin?miniProfileUrn=urn%3Ali%3Afs_miniProfile%3AACoAADWvggsBd5BdYDm2WQKes3d2obMBMfh6ha0",""
"Maddy","Yip","https://www.linkedin.com/in/mjyip?miniProfileUrn=urn%3Ali%3Afs_miniProfile%3AACoAAB2JRfsBVFHJmLeFIBHC_Y6RLKSM_IxGEfs","YouTube"
"Qiaochu","Li","https://www.linkedin.com/in/qiaochu-li1999?miniProfileUrn=urn%3Ali%3Afs_miniProfile%3AACoAACMbSJEBfvTrq_uttsPbcOfDAhQUUg-OFUE","Demeter (YC W25)"
"Patrick","F.","https://www.linkedin.com/in/patrickrfoster?miniProfileUrn=urn%3Ali%3Afs_miniProfile%3AACoAACTxDHoBszfMhNhNLWyiArhvwZQPPasC5SA","Invo (YC W25)"
"Hlumelo","Notshe","https://www.linkedin.com/in/hlumelo-notshe?miniProfileUrn=urn%3Ali%3Afs_miniProfile%3AACoAADD1ayEBJHZPXq-cSwXMvyjikWAVF0KYPl4","Stanford"
"Sejoon","Chang","https://www.linkedin.com/in/sejoonchang?miniProfileUrn=urn%3Ali%3Afs_miniProfile%3AACoAADd54iABCjokF6syJD4rD2GT7Pd0p4QIUJU","Nitrode"
"Josh","Sabol","https://www.linkedin.com/in/joshsabol?miniProfileUrn=urn%3Ali%3Afs_miniProfile%3AACoAAAz_aoYB7sihh31T-DqIQho_H7uh4Zzu06s","HealthKey (YC W25)"
"Arya","Marwaha","https://www.linkedin.com/in/arya-marwaha?miniProfileUrn=urn%3Ali%3Afs_miniProfile%3AACoAACfKtEEBJdvpmFqiuujWJGLnvjIgS-YASpY","Stanford"
"Amer","Eid","https://www.linkedin.com/in/amer-eid92?miniProfileUrn=urn%3Ali%3Afs_miniProfile%3AACoAABfoXg4Bgr2o0ziE-lcH9hzMcowak5nEI3A","Ovlo (YC W25)"
"Kofi","Ansong","https://www.linkedin.com/in/kofi-ansong-89294016a?miniProfileUrn=urn%3Ali%3Afs_miniProfile%3AACoAAChclO4BpcAvWW1NljKqihpszrNhB-TyFZw","Cenote (YC W25)"
"Alexander","Chen","https://www.linkedin.com/in/alexanderqchen?miniProfileUrn=urn%3Ali%3Afs_miniProfile%3AACoAACCOKBQBqSNMvk4LM4j7Zeqz-e8O8X2ZMdQ","Trata (YC W25)"
"Aman","Garg","https://www.linkedin.com/in/amanmadhavgarg?miniProfileUrn=urn%3Ali%3Afs_miniProfile%3AACoAACvOuoABYnHTgzEJ-ZbMHXYjyiYjVDkjgcw","Cornell '26"
"Eric","Cho","https://www.linkedin.com/in/emc329?miniProfileUrn=urn%3Ali%3Afs_miniProfile%3AACoAACVgpysBlkbmXHF3JjbCGIysb9IfwbMSzE0","Trata (YC W25)"
"Matthew","Kerrigan","https://www.linkedin.com/in/mkerrig?miniProfileUrn=urn%3Ali%3Afs_miniProfile%3AACoAABTHEigBFx7X06vprolRjBPMeezuCiTPB9k","Toothy"